Date,Time,Temp_F,RH_percent,DewTemp_F,WindSpeed_mph,SLP_mb
9/6/20,12:05a,78.2,15,26.7,13,841.7
9/6/20,12:10a,78.2,15,26.7,12,841.7
9/6/20,12:15a,78.1,15,26.7,13,841.7
9/6/20,12:20a,78.1,14,25,14,841.7
9/6/20,12:25a,78.2,15,26.7,14,841.6
9/6/20,12:30a,78,16,28.1,12,841.7
9/6/20,12:35a,77.3,18,30.5,12,841.6
9/6/20,12:40a,76.5,18,29.8,10,841.6
9/6/20,12:45a,76.1,16,26.6,12,841.6
9/6/20,12:50a,76.5,18,29.8,13,841.6
9/6/20,12:55a,76.2,16,26.7,12,841.5
9/6/20,1:00a,75.8,19,30.6,11,841.5
9/6/20,1:05a,75.6,17,27.7,10,841.6
9/6/20,1:10a,75.7,16,26.3,10,841.5
9/6/20,1:15a,76.4,15,25.3,8,841.5
9/6/20,1:20a,76.6,15,25.5,11,841.5
9/6/20,1:25a,76.7,14,23.9,9,841.5
9/6/20,1:30a,76.9,15,25.7,9,841.5
9/6/20,1:35a,77.1,15,25.9,10,841.5
9/6/20,1:40a,76.7,16,27.1,7,841.5
9/6/20,1:45a,76.1,15,25.1,7,841.6
9/6/20,1:50a,75.9,15,24.9,7,841.6
9/6/20,1:55a,76,14,23.3,7,841.6
9/6/20,2:00a,75.9,18,29.3,8,841.6
9/6/20,2:05a,75.4,19,30.2,7,841.6
9/6/20,2:10a,74.8,22,33.4,7,841.7
9/6/20,2:15a,73.9,17,26.3,7,841.7
9/6/20,2:20a,73.4,21,31.1,7,841.6
9/6/20,2:25a,72.6,24,33.7,7,841.7
9/6/20,2:30a,72,22,31,7,841.7
9/6/20,2:35a,71.4,18,25.7,8,841.7
9/6/20,2:40a,72,17,24.8,7,841.7
9/6/20,2:45a,72.8,16,24,7,841.8
9/6/20,2:50a,73,17,25.6,6,841.8
9/6/20,2:55a,72.9,17,25.5,5,841.8
9/6/20,3:00a,72.8,17,25.4,8,841.8
9/6/20,3:05a,72.9,16,24,8,841.8
9/6/20,3:10a,73,17,25.6,7,841.8
9/6/20,3:15a,72.8,16,24,7,841.9
9/6/20,3:20a,72.8,16,24,7,841.9
9/6/20,3:25a,72.9,16,24,7,841.9
9/6/20,3:30a,72.7,16,23.9,7,841.8
9/6/20,3:35a,72.6,16,23.8,6,841.9
9/6/20,3:40a,72.5,16,23.7,7,841.8
9/6/20,3:45a,72.2,17,24.9,7,841.8
9/6/20,3:50a,72.1,17,24.8,5,841.8
9/6/20,3:55a,71.8,21,29.7,3,841.8
9/6/20,4:00a,71.2,24,32.5,2,842
9/6/20,4:05a,69.5,26,33.1,3,842
9/6/20,4:10a,67.8,27,32.6,1,842
9/6/20,4:15a,66.7,29,33.4,0,842.1
9/6/20,4:20a,65.8,30,33.5,1,842.1
9/6/20,4:25a,64.9,31,33.5,0,842.1
9/6/20,4:30a,64,30,31.9,3,842.2
9/6/20,4:35a,63.6,32,33.2,4,842.2
9/6/20,4:40a,63.1,30,31.1,3,842.2
9/6/20,4:45a,62.9,31,31.8,0,842.3
9/6/20,4:50a,62.4,32,32.1,2,842.2
9/6/20,4:55a,61.9,36,34.6,0,842.2
9/6/20,5:00a,61.5,35,33.6,1,842.2
9/6/20,5:05a,61.1,37,34.6,0,842.3
9/6/20,5:10a,60.7,36,33.6,0,842.2
9/6/20,5:15a,60.3,39,35.2,1,842.3
9/6/20,5:20a,59.7,38,34,0,842.3
9/6/20,5:25a,59.5,41,35.8,2,842.4
9/6/20,5:30a,59.2,38,33.6,1,842.3
9/6/20,5:35a,59.5,41,35.8,3,842.3
9/6/20,5:40a,60,33,30.8,5,842.4
9/6/20,5:45a,62.3,25,26,7,842.4
9/6/20,5:50a,66.6,22,26.5,8,842.4
9/6/20,5:55a,69.4,28,34.9,3,842.4
9/6/20,6:00a,67.5,30,35,2,842.6
9/6/20,6:05a,65,33,35.2,2,842.5
9/6/20,6:10a,63.6,31,32.4,3,842.6
9/6/20,6:15a,63.4,24,25.9,5,842.6
9/6/20,6:20a,65.6,23,26.8,6,842.6
9/6/20,6:25a,68.9,20,26.1,7,842.6
9/6/20,6:30a,70.6,19,26.3,6,842.6
9/6/20,6:35a,71.5,19,27,7,842.6
9/6/20,6:40a,72,19,27.5,8,842.6
9/6/20,6:45a,72.5,19,27.9,8,842.7
9/6/20,6:50a,72.6,19,27.9,8,842.7
9/6/20,6:55a,72.6,19,27.9,10,842.7
9/6/20,7:00a,72.8,19,28.1,8,842.7
9/6/20,7:05a,72.8,19,28.1,9,842.7
9/6/20,7:10a,73.1,20,29.6,9,842.8
9/6/20,7:15a,73.3,19,28.5,9,842.8
9/6/20,7:20a,73.8,20,30.2,9,842.8
9/6/20,7:25a,74.2,19,29.3,10,842.8
9/6/20,7:30a,74.8,18,28.4,10,842.7
9/6/20,7:35a,75.6,19,30.4,10,842.8
9/6/20,7:40a,76.1,18,29.5,11,842.8
9/6/20,7:45a,76.5,18,29.8,11,842.8
9/6/20,7:50a,76.7,18,30,12,842.7
9/6/20,7:55a,76.8,19,31.4,11,842.7
9/6/20,8:00a,76.9,19,31.5,12,842.6
9/6/20,8:05a,77.1,18,30.3,14,842.5
9/6/20,8:10a,77.4,19,31.9,12,842.6
9/6/20,8:15a,77.5,18,30.6,13,842.5
9/6/20,8:20a,77.8,20,33.5,12,842.4
9/6/20,8:25a,78.2,19,32.5,13,842.4
9/6/20,8:30a,78.8,18,31.7,12,842.4
9/6/20,8:35a,79.4,18,32.2,13,842.2
9/6/20,8:40a,80.1,17,31.3,13,842.2
9/6/20,8:45a,80.7,18,33.2,13,842.2
9/6/20,8:50a,81.1,18,33.6,12,842.1
9/6/20,8:55a,81.7,18,34.1,11,842.2
9/6/20,9:00a,82.3,18,34.5,10,842.1
9/6/20,9:05a,82.8,18,34.9,11,842.1
9/6/20,9:10a,83.5,18,35.5,12,842
9/6/20,9:15a,84.2,16,33.1,12,842.1
9/6/20,9:20a,84.9,16,33.7,12,842
9/6/20,9:25a,85.5,16,34.2,11,842
9/6/20,9:30a,86,16,34.6,11,842
9/6/20,9:35a,86.4,16,34.9,11,842
9/6/20,9:40a,86.9,16,35.3,12,842
9/6/20,9:45a,87.4,16,35.7,11,842
9/6/20,9:50a,87.8,15,34.4,9,842
9/6/20,9:55a,88.4,14,33.1,10,842.1
9/6/20,10:00a,89,14,33.6,10,842.1
9/6/20,10:05a,89.4,15,35.7,9,842
9/6/20,10:10a,89.8,15,36,10,842
9/6/20,10:15a,89.8,14,34.2,10,842.1
9/6/20,10:20a,89.9,13,32.5,9,842.1
9/6/20,10:25a,90.2,16,37.9,7,842
9/6/20,10:30a,90.6,14,34.9,8,842.1
9/6/20,10:35a,90.9,14,35.1,6,842
9/6/20,10:40a,91,14,35.2,7,842
9/6/20,10:45a,91,15,36.9,8,842
9/6/20,10:50a,90.8,15,36.8,8,841.9
9/6/20,10:55a,90.6,13,33,8,841.9
9/6/20,11:00a,90.7,13,33.1,7,841.9
9/6/20,11:05a,91.1,13,33.4,9,842
9/6/20,11:10a,91.4,15,37.2,6,841.9
9/6/20,11:15a,91.6,15,37.4,4,841.8
9/6/20,11:20a,91.8,12,32,3,841.8
9/6/20,11:25a,91.8,14,35.8,6,841.8
9/6/20,11:30a,91.8,12,32,13,841.3
9/6/20,11:35a,92,15,37.7,13,841.5
9/6/20,11:40a,92.8,16,40,9,841.6
9/6/20,11:45a,93.2,12,33,9,841.6
9/6/20,11:50a,93.6,12,33.3,9,841.5
9/6/20,11:55a,93.4,12,33.2,7,841.5
9/6/20,12:00p,93.4,11,31,5,841.4
9/6/20,12:05p,93.8,11,31.3,12,841.2
9/6/20,12:10p,94.2,10,29.3,11,841.4
9/6/20,12:15p,94.3,14,37.8,8,841.2
9/6/20,12:20p,94.3,13,35.9,11,841.1
9/6/20,12:25p,94.3,14,37.8,9,841.1
9/6/20,12:30p,93.9,13,35.6,8,841
9/6/20,12:35p,93.9,14,37.5,7,841
9/6/20,12:40p,93.6,15,39,6,841.1
9/6/20,12:45p,93.2,16,40.3,4,841
9/6/20,12:50p,93.5,13,35.3,6,840.9
9/6/20,12:55p,93.8,15,39.2,6,841
9/6/20,1:00p,93.9,13,35.6,6,840.9
9/6/20,1:05p,93.7,13,35.4,10,840.9
9/6/20,1:10p,93.2,14,36.9,8,840.9
9/6/20,1:15p,92.7,13,34.7,7,840.8
9/6/20,1:20p,92,18,42.4,7,840.9
9/6/20,1:25p,91.3,15,37.2,7,840.7
9/6/20,1:30p,91.7,14,35.7,8,840.7
9/6/20,1:35p,92.3,14,36.2,9,840.7
9/6/20,1:40p,92.6,13,34.6,7,840.7
9/6/20,1:45p,92.7,15,38.3,9,840.6
9/6/20,1:50p,92.8,17,41.6,6,840.6
9/6/20,1:55p,92.9,14,36.7,5,840.6
9/6/20,2:00p,92.8,15,38.4,6,840.5
9/6/20,2:05p,92.8,14,36.6,8,840.4
9/6/20,2:10p,93.3,13,35.1,8,840.4
9/6/20,2:15p,93.5,13,35.3,9,840.3
9/6/20,2:20p,93.6,14,37.2,7,840.3
9/6/20,2:25p,93.9,15,39.2,6,840.2
9/6/20,2:30p,94.1,13,35.7,9,840.3
9/6/20,2:35p,94.1,12,33.7,9,840.1
9/6/20,2:40p,93.7,13,35.4,9,840
9/6/20,2:45p,93.5,12,33.3,9,839.9
9/6/20,2:50p,93.3,13,35.1,6,839.9
9/6/20,2:55p,93.2,13,35,7,839.9
9/6/20,3:00p,93.3,12,33.1,8,839.9
9/6/20,3:05p,93.3,12,33.1,6,839.8
9/6/20,3:10p,93.4,15,38.8,4,839.7
9/6/20,3:15p,93.6,15,39,6,839.7
9/6/20,3:20p,93.5,12,33.3,6,839.8
9/6/20,3:25p,93.1,14,36.8,3,839.7
9/6/20,3:30p,92.9,12,32.8,2,839.7
9/6/20,3:35p,93,12,32.9,6,839.6
9/6/20,3:40p,93,11,30.7,6,839.6
9/6/20,3:45p,92.8,13,34.7,5,839.6
9/6/20,3:50p,92.6,14,36.4,4,839.5
9/6/20,3:55p,92.6,13,34.6,5,839.4
9/6/20,4:00p,92.4,13,34.4,5,839.4
9/6/20,4:05p,92.5,13,34.5,4,839.3
9/6/20,4:10p,92.7,17,41.5,4,839.3
9/6/20,4:15p,92.9,14,36.7,3,839.4
9/6/20,4:20p,93.1,14,36.8,3,839.3
9/6/20,4:25p,93.1,14,36.8,2,839.3
9/6/20,4:30p,92.9,15,38.4,2,839.3
9/6/20,4:35p,92.7,14,36.5,2,839.4
9/6/20,4:40p,92.5,18,42.8,0,839.3
9/6/20,4:45p,92.6,17,41.4,0,839.3
9/6/20,4:50p,92.6,16,39.9,0,839.3
9/6/20,4:55p,92.5,16,39.8,1,839.3
9/6/20,5:00p,92.3,18,42.7,0,839.3
9/6/20,5:05p,92,19,43.8,0,839.2
9/6/20,5:10p,91.6,17,40.6,0,839.1
9/6/20,5:15p,91.4,18,41.9,0,839.1
9/6/20,5:20p,91.2,23,48.2,0,839.2
9/6/20,5:25p,90.9,23,48,0,839.3
9/6/20,5:30p,89.8,21,44.7,0,839.3
9/6/20,5:35p,89.2,21,44.2,0,839.1
9/6/20,5:40p,89.1,23,46.5,1,839.2
9/6/20,5:45p,88.9,22,45.1,1,839.1
9/6/20,5:50p,88.7,24,47.3,0,839.2
9/6/20,5:55p,88.5,23,46,0,839.2
9/6/20,6:00p,88.5,23,46,1,839.1
9/6/20,6:05p,88.5,24,47.1,1,839.1
9/6/20,6:10p,88.3,21,43.4,0,839.1
9/6/20,6:15p,88.3,22,44.6,0,839.1
9/6/20,6:20p,88.3,18,39.4,0,839.1
9/6/20,6:25p,88.4,18,39.5,0,839
9/6/20,6:30p,88.4,20,42.2,0,839
9/6/20,6:35p,88.4,27,50.2,1,839.1
9/6/20,6:40p,88,23,45.6,0,839.1
9/6/20,6:45p,87.6,25,47.4,0,839
9/6/20,6:50p,87.2,25,47.1,0,838.9
9/6/20,6:55p,86.8,25,46.8,0,838.9
9/6/20,7:00p,86.4,23,44.2,0,839
9/6/20,7:05p,85.6,22,42.4,1,838.9
9/6/20,7:10p,85,22,41.9,1,838.9
9/6/20,7:15p,84.6,24,43.8,0,838.9
9/6/20,7:20p,84.1,26,45.5,0,838.9
9/6/20,7:25p,83.3,26,44.8,1,838.9
9/6/20,7:30p,82.5,26,44.1,0,838.9
9/6/20,7:35p,81.7,28,45.4,0,838.9
9/6/20,7:40p,80.7,25,41.6,0,838.9
9/6/20,7:45p,79.9,24,39.9,0,838.8
9/6/20,7:50p,79.6,26,41.7,0,838.8
9/6/20,7:55p,79,25,40.2,0,838.9
9/6/20,8:00p,78.5,31,45.3,1,838.9
9/6/20,8:05p,77.5,30,43.6,0,838.9
9/6/20,8:10p,76.8,30,43,0,839
9/6/20,8:15p,76.3,33,45.1,0,839
9/6/20,8:20p,75.6,33,44.5,0,839.1
9/6/20,8:25p,74.8,30,41.3,2,839.1
9/6/20,8:30p,74.7,30,41.2,2,839.1
9/6/20,8:35p,74.8,29,40.4,1,839.1
9/6/20,8:40p,74.9,28,39.6,3,839.2
9/6/20,8:45p,74.8,30,41.3,1,839.3
9/6/20,8:50p,74.6,31,42,0,839.3
9/6/20,8:55p,74.4,25,36.3,1,839.3
9/6/20,9:00p,74.3,26,37.2,1,839.2
9/6/20,9:05p,74.7,21,32.1,5,839.2
9/6/20,9:10p,76.3,20,32.3,6,839.3
9/6/20,9:15p,77.7,25,39.1,4,839.3
9/6/20,9:20p,77.1,27,40.5,3,839.3
9/6/20,9:25p,76,26,38.6,3,839.3
9/6/20,9:30p,75.1,27,38.8,1,839.3
9/6/20,9:35p,74.3,25,36.2,3,839.2
9/6/20,9:40p,73.9,26,36.8,4,839.1
9/6/20,9:45p,73.9,23,33.7,4,839.2
9/6/20,9:50p,74.2,25,36.1,7,839.4
9/6/20,9:55p,74.8,26,37.6,5,839.5
9/6/20,10:00p,74.9,27,38.7,6,839.6
9/6/20,10:05p,74.7,27,38.5,6,839.6
9/6/20,10:10p,74.6,26,37.4,5,839.6
9/6/20,10:15p,74.5,25,36.4,4,839.5
9/6/20,10:20p,74.4,25,36.3,4,839.5
9/6/20,10:25p,74.3,25,36.2,3,839.4
9/6/20,10:30p,74,25,35.9,4,839.4
9/6/20,10:35p,73.5,25,35.5,4,839.4
9/6/20,10:40p,73.6,25,35.6,4,839.5
9/6/20,10:45p,73.8,25,35.8,3,839.4
9/6/20,10:50p,73.6,29,39.4,2,839.3
9/6/20,10:55p,73,30,39.7,2,839.4
9/6/20,11:00p,72.3,27,36.4,3,839.4
9/6/20,11:05p,71.6,27,35.8,4,839.4
9/6/20,11:10p,71.4,25,33.7,4,839.5
9/6/20,11:15p,71.7,26,35,4,839.4
9/6/20,11:20p,71.9,25,34.1,2,839.4
9/6/20,11:25p,71.6,24,32.9,3,839.4
9/6/20,11:30p,71.2,24,32.5,2,839.3
9/6/20,11:35p,70.9,26,34.3,1,839.3
9/6/20,11:40p,70.4,27,34.8,0,839.4
9/6/20,11:45p,69.8,29,36.1,1,839.4
9/6/20,11:50p,69.2,28,34.7,0,839.2
9/6/20,11:55p,68.7,25,31.4,2,839.3
9/7/20,12:00a,69,25,31.7,4,839.2
9/7/20,12:05a,69.7,24,31.3,4,839.2
9/7/20,12:10a,70.1,24,31.6,4,839.1
9/7/20,12:15a,70.2,23,30.6,6,839.2
9/7/20,12:20a,70.5,23,30.9,5,839.1
9/7/20,12:25a,70.7,22,30,5,839.2
9/7/20,12:30a,70.9,26,34.3,1,839.3
9/7/20,12:35a,70.7,23,31.1,3,839.1
9/7/20,12:40a,70.3,24,31.8,4,839.1
9/7/20,12:45a,70.1,23,30.6,1,839.1
9/7/20,12:50a,69.7,30,36.9,0,839.1
9/7/20,12:55a,68.6,32,37.5,3,839.1
9/7/20,1:00a,67.4,34,38,1,839.1
9/7/20,1:05a,66.5,34,37.2,1,839
9/7/20,1:10a,65.6,36,37.9,2,839
9/7/20,1:15a,64.6,37,37.7,1,838.9
9/7/20,1:20a,64.2,38,38,0,838.9
9/7/20,1:25a,63.6,38,37.5,1,838.9
9/7/20,1:30a,63.1,39,37.7,2,838.9
9/7/20,1:35a,62.8,36,35.4,2,839
9/7/20,1:40a,62.6,36,35.3,2,838.9
9/7/20,1:45a,62.7,36,35.3,1,838.9
9/7/20,1:50a,62.7,35,34.6,2,838.7
9/7/20,1:55a,62.9,34,34.1,3,838.8
9/7/20,2:00a,63.3,32,32.9,2,838.8
9/7/20,2:05a,63.9,33,34.2,0,838.7
9/7/20,2:10a,63.9,33,34.2,0,838.7
9/7/20,2:15a,63.6,34,34.7,0,838.5
9/7/20,2:20a,63,38,37,2,838.5
9/7/20,2:25a,62.3,37,35.7,3,838.5
9/7/20,2:30a,62.2,39,36.9,0,838.5
9/7/20,2:35a,61.8,39,36.6,0,838.5
9/7/20,2:40a,61.3,40,36.8,0,838.4
9/7/20,2:45a,60.8,41,36.9,0,838.4
9/7/20,2:50a,60.4,43,37.8,0,838.4
9/7/20,2:55a,59.8,43,37.2,0,838.3
9/7/20,3:00a,59.1,45,37.8,0,838.2
9/7/20,3:05a,58.6,45,37.3,0,838.2
9/7/20,3:10a,58.2,46,37.5,0,838.1
9/7/20,3:15a,57.9,47,37.8,0,838.1
9/7/20,3:20a,57.6,49,38.6,0,838.1
9/7/20,3:25a,57.2,49,38.2,1,838.2
9/7/20,3:30a,56.8,51,38.9,0,838.1
9/7/20,3:35a,56.5,52,39.1,0,838
9/7/20,3:40a,56.3,52,38.9,1,838
9/7/20,3:45a,56,52,38.6,0,838
9/7/20,3:50a,55.9,53,39,1,838
9/7/20,3:55a,55.9,52,38.5,1,838.1
9/7/20,4:00a,55.9,50,37.5,0,838.1
9/7/20,4:05a,56,49,37.1,1,838
9/7/20,4:10a,56,51,38.1,2,838
9/7/20,4:15a,55.9,50,37.5,2,838.1
9/7/20,4:20a,56.1,49,37.2,0,838
9/7/20,4:25a,56.2,50,37.8,0,837.9
9/7/20,4:30a,56,50,37.6,0,837.8
9/7/20,4:35a,55.8,50,37.4,0,837.8
9/7/20,4:40a,55.7,49,36.8,2,837.8
9/7/20,4:45a,55.8,49,36.9,0,837.7
9/7/20,4:50a,56,48,36.6,3,837.8
9/7/20,4:55a,56.1,49,37.2,2,837.8
9/7/20,5:00a,56.1,50,37.7,2,837.7
9/7/20,5:05a,56.2,51,38.3,2,837.7
9/7/20,5:10a,56.1,50,37.7,2,837.7
9/7/20,5:15a,56,53,39.1,0,837.6
9/7/20,5:20a,55.7,52,38.3,5,837.7
9/7/20,5:25a,55.7,52,38.3,3,837.6
9/7/20,5:30a,55.6,52,38.2,0,837.6
9/7/20,5:35a,55.3,53,38.4,3,837.5
9/7/20,5:40a,55.4,53,38.5,1,837.5
9/7/20,5:45a,55.2,53,38.4,0,837.4
9/7/20,5:50a,54.7,54,38.4,0,837.3
9/7/20,5:55a,54.3,56,38.9,0,837.3
9/7/20,6:00a,53.9,57,39,0,837.3
9/7/20,6:05a,53.4,57,38.5,0,837.2
9/7/20,6:10a,53.2,58,38.8,1,837.2
9/7/20,6:15a,53,59,39,0,837.1
9/7/20,6:20a,52.8,60,39.3,0,837
9/7/20,6:25a,52.6,60,39.1,1,837
9/7/20,6:30a,52.3,60,38.8,0,837
9/7/20,6:35a,52.1,61,39.1,1,836.8
9/7/20,6:40a,51.7,62,39.1,2,836.9
9/7/20,6:45a,51.1,65,39.7,3,836.9
9/7/20,6:50a,50.6,65,39.3,0,836.9
9/7/20,6:55a,50.8,63,38.7,1,836.7
9/7/20,7:00a,51.1,64,39.3,0,836.8
9/7/20,7:05a,51.2,62,38.6,2,836.7
9/7/20,7:10a,51.6,62,39,1,836.6
9/7/20,7:15a,51.9,64,40.1,0,836.7
9/7/20,7:20a,51.7,64,39.9,1,836.5
9/7/20,7:25a,51.7,64,39.9,0,836.5
9/7/20,7:30a,52,64,40.2,0,836.5
9/7/20,7:35a,52.4,64,40.6,0,836.4
9/7/20,7:40a,53.1,64,41.2,0,836.4
9/7/20,7:45a,53.5,62,40.8,0,836.3
9/7/20,7:50a,54,65,42.5,0,836.3
9/7/20,7:55a,54.9,62,42.1,0,836.2
9/7/20,8:00a,55.8,60,42.1,0,836.2
9/7/20,8:05a,56.5,57,41.4,0,836
9/7/20,8:10a,57.2,60,43.4,0,836
9/7/20,8:15a,57.9,56,42.3,1,835.9
9/7/20,8:20a,58.6,56,42.9,1,835.8
9/7/20,8:25a,59.5,54,42.8,3,835.8
9/7/20,8:30a,60.7,51,42.5,2,835.7
9/7/20,8:35a,61.9,50,43,2,835.6
9/7/20,8:40a,62.4,48,42.4,3,835.5
9/7/20,8:45a,63.1,49,43.6,3,835.4
9/7/20,8:50a,63.9,45,42.1,1,835.4
9/7/20,8:55a,64.6,47,43.9,4,835.3
9/7/20,9:00a,65,47,44.3,1,835.4
9/7/20,9:05a,65.5,45,43.6,2,835.2
9/7/20,9:10a,65.8,45,43.9,1,835.2
9/7/20,9:15a,66.1,44,43.5,2,835.2
9/7/20,9:20a,66.2,43,43,3,834.9
9/7/20,9:25a,66.5,43,43.3,1,834.9
9/7/20,9:30a,66.7,46,45.3,1,834.7
9/7/20,9:35a,66.9,43,43.7,3,834.4
9/7/20,9:40a,67.5,44,44.8,5,834.5
9/7/20,9:45a,67.9,42,44,2,834.3
9/7/20,9:50a,68.6,41,43.9,4,834.2
9/7/20,9:55a,69.2,39,43.2,1,834.1
9/7/20,10:00a,69.8,38,43,3,834.1
9/7/20,10:05a,70.3,37,42.8,4,834.1
9/7/20,10:10a,70.5,38,43.7,1,834
9/7/20,10:15a,70.9,36,42.6,5,834
9/7/20,10:20a,70.8,38,43.9,5,834
9/7/20,10:25a,70.8,38,43.9,5,834
9/7/20,10:30a,70.8,37,43.2,5,833.9
9/7/20,10:35a,70.6,41,45.7,5,834
9/7/20,10:40a,70.8,37,43.2,3,833.9
9/7/20,10:45a,71.2,35,42.1,3,833.8
9/7/20,10:50a,71.5,35,42.4,1,833.8
9/7/20,10:55a,71.8,39,45.5,1,833.5
9/7/20,11:00a,72.4,35,43.2,1,833.5
9/7/20,11:05a,73.3,34,43.2,2,833.5
9/7/20,11:10a,73.9,35,44.5,3,833.4
9/7/20,11:15a,74,34,43.8,2,833.2
9/7/20,11:20a,74.2,35,44.8,1,833.2
9/7/20,11:25a,74.3,33,43.3,3,833.1
9/7/20,11:30a,74.5,34,44.3,3,832.9
9/7/20,11:35a,74.8,34,44.5,3,832.9
9/7/20,11:40a,75.2,34,44.9,2,832.8
9/7/20,11:45a,75.6,32,43.7,4,832.6
9/7/20,11:50a,75.9,36,47,2,832.5
9/7/20,11:55a,76.2,32,44.2,2,832.4
9/7/20,12:00p,76.6,31,43.7,2,832.3
9/7/20,12:05p,76.7,31,43.8,1,832.2
9/7/20,12:10p,77.4,29,42.6,4,832
9/7/20,12:15p,78,31,44.9,3,831.8
9/7/20,12:20p,78.4,31,45.3,4,831.7
9/7/20,12:25p,78.9,33,47.3,2,831.7
9/7/20,12:30p,79.6,28,43.6,4,831.6
9/7/20,12:35p,79.8,28,43.8,3,831.5
9/7/20,12:40p,80,29,44.9,3,831.4
9/7/20,12:45p,80.4,30,46.1,3,831.3
9/7/20,12:50p,80.8,28,44.6,2,831.2
9/7/20,12:55p,81.3,26,43.1,4,831.2
9/7/20,1:00p,81.5,25,42.3,3,831.1
9/7/20,1:05p,81.7,25,42.4,4,831
9/7/20,1:10p,82.1,26,43.8,3,830.9
9/7/20,1:15p,82.6,28,46.2,3,830.9
9/7/20,1:20p,83.3,26,44.8,0,830.7
9/7/20,1:25p,84,27,46.4,5,830.7
9/7/20,1:30p,84.4,24,43.7,3,830.7
9/7/20,1:35p,84.7,24,43.9,3,830.7
9/7/20,1:40p,85.1,24,44.2,3,830.6
9/7/20,1:45p,85.5,21,41.1,3,830.4
9/7/20,1:50p,85.9,22,42.6,5,830.4
9/7/20,1:55p,86.1,22,42.8,5,830.3
9/7/20,2:00p,86.2,22,42.9,5,830.2
9/7/20,2:05p,86.4,19,39.3,5,830.2
9/7/20,2:10p,86.8,21,42.2,1,830.2
9/7/20,2:15p,87.4,18,38.7,2,830.1
9/7/20,2:20p,87.9,18,39.1,6,830.1
9/7/20,2:25p,87.8,18,39,4,829.9
9/7/20,2:30p,87.8,18,39,2,829.8
9/7/20,2:35p,88.1,16,36.3,4,829.7
9/7/20,2:40p,88.4,15,34.9,4,829.6
9/7/20,2:45p,88.7,16,36.7,4,829.5
9/7/20,2:50p,88.8,15,35.2,5,829.4
9/7/20,2:55p,88.6,15,35,6,829.4
9/7/20,3:00p,88.6,17,38.2,7,829.3
9/7/20,3:05p,88.8,20,42.6,8,829.2
9/7/20,3:10p,88.5,19,41,9,829.2
9/7/20,3:15p,88.2,22,44.5,9,829.1
9/7/20,3:20p,87.6,20,41.6,8,829.1
9/7/20,3:25p,87.4,20,41.4,9,829.1
9/7/20,3:30p,87.5,21,42.8,8,829.1
9/7/20,3:35p,87.7,21,42.9,9,829.1
9/7/20,3:40p,87.7,20,41.6,7,829.1
9/7/20,3:45p,87.7,20,41.6,7,829
9/7/20,3:50p,87.7,19,40.3,8,828.9
9/7/20,3:55p,87.9,20,41.8,6,828.9
9/7/20,4:00p,88,18,39.2,7,829
9/7/20,4:05p,88,18,39.2,7,829
9/7/20,4:10p,88.1,17,37.8,7,829
9/7/20,4:15p,88,18,39.2,8,829
9/7/20,4:20p,87.8,16,36,9,829
9/7/20,4:25p,87.8,14,32.7,8,829
9/7/20,4:30p,88,13,31,9,829
9/7/20,4:35p,87.9,13,30.9,10,829.1
9/7/20,4:40p,87,23,44.7,17,829.9
9/7/20,4:45p,81.8,27,44.5,17,830.3
9/7/20,4:50p,78.9,28,43,11,830.5
9/7/20,4:55p,78,27,41.3,12,830.7
9/7/20,5:00p,77.4,29,42.6,11,830.9
9/7/20,5:05p,76.9,27,40.4,13,831.1
9/7/20,5:10p,76.5,28,41,9,831.2
9/7/20,5:15p,76.2,28,40.7,9,831.3
9/7/20,5:20p,75.9,29,41.3,10,831.3
9/7/20,5:25p,75.6,31,42.8,8,831.3
9/7/20,5:30p,75.5,30,41.9,10,831.4
9/7/20,5:35p,75.3,29,40.8,9,831.5
9/7/20,5:40p,75.2,30,41.6,7,831.8
9/7/20,5:45p,75.4,30,41.8,2,832.1
9/7/20,5:50p,75.6,31,42.8,4,832.1
9/7/20,5:55p,75.5,31,42.7,6,832.1
9/7/20,6:00p,75.2,31,42.5,6,832
9/7/20,6:05p,74.9,30,41.4,7,832.1
9/7/20,6:10p,74.6,32,42.8,9,832.3
9/7/20,6:15p,74.3,32,42.5,8,832.4
9/7/20,6:20p,74,32,42.3,7,832.4
9/7/20,6:25p,73.7,32,42,7,832.5
9/7/20,6:30p,73.4,32,41.7,7,832.5
9/7/20,6:35p,73.2,33,42.4,5,832.6
9/7/20,6:40p,72.9,32,41.3,6,832.6
9/7/20,6:45p,72.8,32,41.2,6,832.8
9/7/20,6:50p,72.7,32,41.1,4,832.8
9/7/20,6:55p,72.5,32,41,5,832.9
9/7/20,7:00p,72.2,32,40.7,6,833
9/7/20,7:05p,71.9,32,40.4,5,833.2
9/7/20,7:10p,71.5,33,40.9,6,833.3
9/7/20,7:15p,71.2,34,41.4,5,833.5
9/7/20,7:20p,71,37,43.4,14,833.9
9/7/20,7:25p,70.4,41,45.6,16,834.1
9/7/20,7:30p,69.3,43,45.8,11,834.4
9/7/20,7:35p,68.2,45,46,15,834.7
9/7/20,7:40p,67.4,46,45.9,11,834.8
9/7/20,7:45p,66.9,47,46,14,835
9/7/20,7:50p,66.5,48,46.2,14,835.3
9/7/20,7:55p,66.3,49,46.6,13,835.4
9/7/20,8:00p,66.1,49,46.4,12,835.7
9/7/20,8:05p,65.6,48,45.4,14,835.9
9/7/20,8:10p,64.9,49,45.3,13,836
9/7/20,8:15p,64.4,50,45.3,13,836.3
9/7/20,8:20p,63.9,50,44.9,14,836.4
9/7/20,8:25p,63.5,50,44.5,12,836.5
9/7/20,8:30p,63,51,44.6,13,836.8
9/7/20,8:35p,62.4,52,44.5,14,836.9
9/7/20,8:40p,62,51,43.7,12,837.1
9/7/20,8:45p,61.7,52,43.9,12,837.1
9/7/20,8:50p,61.4,53,44.1,11,837.1
9/7/20,8:55p,61.2,52,43.4,15,837.4
9/7/20,9:00p,60.6,53,43.4,13,837.3
9/7/20,9:05p,60.2,54,43.5,10,837.4
9/7/20,9:10p,60,54,43.3,10,837.6
9/7/20,9:15p,59.6,54,42.9,15,837.7
9/7/20,9:20p,59,55,42.8,10,837.7
9/7/20,9:25p,58.7,55,42.6,12,837.9
9/7/20,9:30p,58.4,55,42.3,9,837.9
9/7/20,9:35p,58.2,56,42.6,11,838
9/7/20,9:40p,57.8,57,42.7,11,838
9/7/20,9:45p,57.5,57,42.4,10,838
9/7/20,9:50p,57.2,57,42.1,8,838.1
9/7/20,9:55p,57,57,41.9,9,838.1
9/7/20,10:00p,56.6,57,41.5,13,838.1
9/7/20,10:05p,56,58,41.4,15,838.2
9/7/20,10:10p,55.3,59,41.2,13,838.3
9/7/20,10:15p,54.9,60,41.3,11,838.5
9/7/20,10:20p,54.8,61,41.6,10,838.7
9/7/20,10:25p,54.3,61,41.1,13,838.8
9/7/20,10:30p,53.7,63,41.4,13,839
9/7/20,10:35p,53.3,63,41,13,839.1
9/7/20,10:40p,52.9,66,41.8,10,839.3
9/7/20,10:45p,52.4,70,42.9,10,839.4
9/7/20,10:50p,51.6,72,42.9,14,839.6
9/7/20,10:55p,50.6,75,43,12,839.7
9/7/20,11:00p,49.8,78,43.2,10,839.9
9/7/20,11:05p,49.1,80,43.2,11,839.9
9/7/20,11:10p,48.5,83,43.6,9,839.9
9/7/20,11:15p,48,85,43.7,8,840.1
9/7/20,11:20p,47.7,86,43.7,8,840.1
9/7/20,11:25p,47.3,87,43.6,7,840
9/7/20,11:30p,46.9,87,43.2,9,840.1
9/7/20,11:35p,46.6,88,43.2,10,840.1
9/7/20,11:40p,46.2,89,43.1,7,840.1
9/7/20,11:45p,46.1,90,43.3,6,840.2
9/7/20,11:50p,46.1,90,43.3,6,840.3
9/7/20,11:55p,45.9,90,43.1,8,840.4
9/7/20,12:05a,69.7,24,31.3,4,839.2
9/7/20,12:10a,70.1,24,31.6,4,839.1
9/7/20,12:15a,70.2,23,30.6,6,839.2
9/7/20,12:20a,70.5,23,30.9,5,839.1
9/7/20,12:25a,70.7,22,30,5,839.2
9/7/20,12:30a,70.9,26,34.3,1,839.3
9/7/20,12:35a,70.7,23,31.1,3,839.1
9/7/20,12:40a,70.3,24,31.8,4,839.1
9/7/20,12:45a,70.1,23,30.6,1,839.1
9/7/20,12:50a,69.7,30,36.9,0,839.1
9/7/20,12:55a,68.6,32,37.5,3,839.1
9/7/20,1:00a,67.4,34,38,1,839.1
9/7/20,1:05a,66.5,34,37.2,1,839
9/7/20,1:10a,65.6,36,37.9,2,839
9/7/20,1:15a,64.6,37,37.7,1,838.9
9/7/20,1:20a,64.2,38,38,0,838.9
9/7/20,1:25a,63.6,38,37.5,1,838.9
9/7/20,1:30a,63.1,39,37.7,2,838.9
9/7/20,1:35a,62.8,36,35.4,2,839
9/7/20,1:40a,62.6,36,35.3,2,838.9
9/7/20,1:45a,62.7,36,35.3,1,838.9
9/7/20,1:50a,62.7,35,34.6,2,838.7
9/7/20,1:55a,62.9,34,34.1,3,838.8
9/7/20,2:00a,63.3,32,32.9,2,838.8
9/7/20,2:05a,63.9,33,34.2,0,838.7
9/7/20,2:10a,63.9,33,34.2,0,838.7
9/7/20,2:15a,63.6,34,34.7,0,838.5
9/7/20,2:20a,63,38,37,2,838.5
9/7/20,2:25a,62.3,37,35.7,3,838.5
9/7/20,2:30a,62.2,39,36.9,0,838.5
9/7/20,2:35a,61.8,39,36.6,0,838.5
9/7/20,2:40a,61.3,40,36.8,0,838.4
9/7/20,2:45a,60.8,41,36.9,0,838.4
9/7/20,2:50a,60.4,43,37.8,0,838.4
9/7/20,2:55a,59.8,43,37.2,0,838.3
9/7/20,3:00a,59.1,45,37.8,0,838.2
9/7/20,3:05a,58.6,45,37.3,0,838.2
9/7/20,3:10a,58.2,46,37.5,0,838.1
9/7/20,3:15a,57.9,47,37.8,0,838.1
9/7/20,3:20a,57.6,49,38.6,0,838.1
9/7/20,3:25a,57.2,49,38.2,1,838.2
9/7/20,3:30a,56.8,51,38.9,0,838.1
9/7/20,3:35a,56.5,52,39.1,0,838
9/7/20,3:40a,56.3,52,38.9,1,838
9/7/20,3:45a,56,52,38.6,0,838
9/7/20,3:50a,55.9,53,39,1,838
9/7/20,3:55a,55.9,52,38.5,1,838.1
9/7/20,4:00a,55.9,50,37.5,0,838.1
9/7/20,4:05a,56,49,37.1,1,838
9/7/20,4:10a,56,51,38.1,2,838
9/7/20,4:15a,55.9,50,37.5,2,838.1
9/7/20,4:20a,56.1,49,37.2,0,838
9/7/20,4:25a,56.2,50,37.8,0,837.9
9/7/20,4:30a,56,50,37.6,0,837.8
9/7/20,4:35a,55.8,50,37.4,0,837.8
9/7/20,4:40a,55.7,49,36.8,2,837.8
9/7/20,4:45a,55.8,49,36.9,0,837.7
9/7/20,4:50a,56,48,36.6,3,837.8
9/7/20,4:55a,56.1,49,37.2,2,837.8
9/7/20,5:00a,56.1,50,37.7,2,837.7
9/7/20,5:05a,56.2,51,38.3,2,837.7
9/7/20,5:10a,56.1,50,37.7,2,837.7
9/7/20,5:15a,56,53,39.1,0,837.6
9/7/20,5:20a,55.7,52,38.3,5,837.7
9/7/20,5:25a,55.7,52,38.3,3,837.6
9/7/20,5:30a,55.6,52,38.2,0,837.6
9/7/20,5:35a,55.3,53,38.4,3,837.5
9/7/20,5:40a,55.4,53,38.5,1,837.5
9/7/20,5:45a,55.2,53,38.4,0,837.4
9/7/20,5:50a,54.7,54,38.4,0,837.3
9/7/20,5:55a,54.3,56,38.9,0,837.3
9/7/20,6:00a,53.9,57,39,0,837.3
9/7/20,6:05a,53.4,57,38.5,0,837.2
9/7/20,6:10a,53.2,58,38.8,1,837.2
9/7/20,6:15a,53,59,39,0,837.1
9/7/20,6:20a,52.8,60,39.3,0,837
9/7/20,6:25a,52.6,60,39.1,1,837
9/7/20,6:30a,52.3,60,38.8,0,837
9/7/20,6:35a,52.1,61,39.1,1,836.8
9/7/20,6:40a,51.7,62,39.1,2,836.9
9/7/20,6:45a,51.1,65,39.7,3,836.9
9/7/20,6:50a,50.6,65,39.3,0,836.9
9/7/20,6:55a,50.8,63,38.7,1,836.7
9/7/20,7:00a,51.1,64,39.3,0,836.8
9/7/20,7:05a,51.2,62,38.6,2,836.7
9/7/20,7:10a,51.6,62,39,1,836.6
9/7/20,7:15a,51.9,64,40.1,0,836.7
9/7/20,7:20a,51.7,64,39.9,1,836.5
9/7/20,7:25a,51.7,64,39.9,0,836.5
9/7/20,7:30a,52,64,40.2,0,836.5
9/7/20,7:35a,52.4,64,40.6,0,836.4
9/7/20,7:40a,53.1,64,41.2,0,836.4
9/7/20,7:45a,53.5,62,40.8,0,836.3
9/7/20,7:50a,54,65,42.5,0,836.3
9/7/20,7:55a,54.9,62,42.1,0,836.2
9/7/20,8:00a,55.8,60,42.1,0,836.2
9/7/20,8:05a,56.5,57,41.4,0,836
9/7/20,8:10a,57.2,60,43.4,0,836
9/7/20,8:15a,57.9,56,42.3,1,835.9
9/7/20,8:20a,58.6,56,42.9,1,835.8
9/7/20,8:25a,59.5,54,42.8,3,835.8
9/7/20,8:30a,60.7,51,42.5,2,835.7
9/7/20,8:35a,61.9,50,43,2,835.6
9/7/20,8:40a,62.4,48,42.4,3,835.5
9/7/20,8:45a,63.1,49,43.6,3,835.4
9/7/20,8:50a,63.9,45,42.1,1,835.4
9/7/20,8:55a,64.6,47,43.9,4,835.3
9/7/20,9:00a,65,47,44.3,1,835.4
9/7/20,9:05a,65.5,45,43.6,2,835.2
9/7/20,9:10a,65.8,45,43.9,1,835.2
9/7/20,9:15a,66.1,44,43.5,2,835.2
9/7/20,9:20a,66.2,43,43,3,834.9
9/7/20,9:25a,66.5,43,43.3,1,834.9
9/7/20,9:30a,66.7,46,45.3,1,834.7
9/7/20,9:35a,66.9,43,43.7,3,834.4
9/7/20,9:40a,67.5,44,44.8,5,834.5
9/7/20,9:45a,67.9,42,44,2,834.3
9/7/20,9:50a,68.6,41,43.9,4,834.2
9/7/20,9:55a,69.2,39,43.2,1,834.1
9/7/20,10:00a,69.8,38,43,3,834.1
9/7/20,10:05a,70.3,37,42.8,4,834.1
9/7/20,10:10a,70.5,38,43.7,1,834
9/7/20,10:15a,70.9,36,42.6,5,834
9/7/20,10:20a,70.8,38,43.9,5,834
9/7/20,10:25a,70.8,38,43.9,5,834
9/7/20,10:30a,70.8,37,43.2,5,833.9
9/7/20,10:35a,70.6,41,45.7,5,834
9/7/20,10:40a,70.8,37,43.2,3,833.9
9/7/20,10:45a,71.2,35,42.1,3,833.8
9/7/20,10:50a,71.5,35,42.4,1,833.8
9/7/20,10:55a,71.8,39,45.5,1,833.5
9/7/20,11:00a,72.4,35,43.2,1,833.5
9/7/20,11:05a,73.3,34,43.2,2,833.5
9/7/20,11:10a,73.9,35,44.5,3,833.4
9/7/20,11:15a,74,34,43.8,2,833.2
9/7/20,11:20a,74.2,35,44.8,1,833.2
9/7/20,11:25a,74.3,33,43.3,3,833.1
9/7/20,11:30a,74.5,34,44.3,3,832.9
9/7/20,11:35a,74.8,34,44.5,3,832.9
9/7/20,11:40a,75.2,34,44.9,2,832.8
9/7/20,11:45a,75.6,32,43.7,4,832.6
9/7/20,11:50a,75.9,36,47,2,832.5
9/7/20,11:55a,76.2,32,44.2,2,832.4
9/7/20,12:00p,76.6,31,43.7,2,832.3
9/7/20,12:05p,76.7,31,43.8,1,832.2
9/7/20,12:10p,77.4,29,42.6,4,832
9/7/20,12:15p,78,31,44.9,3,831.8
9/7/20,12:20p,78.4,31,45.3,4,831.7
9/7/20,12:25p,78.9,33,47.3,2,831.7
9/7/20,12:30p,79.6,28,43.6,4,831.6
9/7/20,12:35p,79.8,28,43.8,3,831.5
9/7/20,12:40p,80,29,44.9,3,831.4
9/7/20,12:45p,80.4,30,46.1,3,831.3
9/7/20,12:50p,80.8,28,44.6,2,831.2
9/7/20,12:55p,81.3,26,43.1,4,831.2
9/7/20,1:00p,81.5,25,42.3,3,831.1
9/7/20,1:05p,81.7,25,42.4,4,831
9/7/20,1:10p,82.1,26,43.8,3,830.9
9/7/20,1:15p,82.6,28,46.2,3,830.9
9/7/20,1:20p,83.3,26,44.8,0,830.7
9/7/20,1:25p,84,27,46.4,5,830.7
9/7/20,1:30p,84.4,24,43.7,3,830.7
9/7/20,1:35p,84.7,24,43.9,3,830.7
9/7/20,1:40p,85.1,24,44.2,3,830.6
9/7/20,1:45p,85.5,21,41.1,3,830.4
9/7/20,1:50p,85.9,22,42.6,5,830.4
9/7/20,1:55p,86.1,22,42.8,5,830.3
9/7/20,2:00p,86.2,22,42.9,5,830.2
9/7/20,2:05p,86.4,19,39.3,5,830.2
9/7/20,2:10p,86.8,21,42.2,1,830.2
9/7/20,2:15p,87.4,18,38.7,2,830.1
9/7/20,2:20p,87.9,18,39.1,6,830.1
9/7/20,2:25p,87.8,18,39,4,829.9
9/7/20,2:30p,87.8,18,39,2,829.8
9/7/20,2:35p,88.1,16,36.3,4,829.7
9/7/20,2:40p,88.4,15,34.9,4,829.6
9/7/20,2:45p,88.7,16,36.7,4,829.5
9/7/20,2:50p,88.8,15,35.2,5,829.4
9/7/20,2:55p,88.6,15,35,6,829.4
9/7/20,3:00p,88.6,17,38.2,7,829.3
9/7/20,3:05p,88.8,20,42.6,8,829.2
9/7/20,3:10p,88.5,19,41,9,829.2
9/7/20,3:15p,88.2,22,44.5,9,829.1
9/7/20,3:20p,87.6,20,41.6,8,829.1
9/7/20,3:25p,87.4,20,41.4,9,829.1
9/7/20,3:30p,87.5,21,42.8,8,829.1
9/7/20,3:35p,87.7,21,42.9,9,829.1
9/7/20,3:40p,87.7,20,41.6,7,829.1
9/7/20,3:45p,87.7,20,41.6,7,829
9/7/20,3:50p,87.7,19,40.3,8,828.9
9/7/20,3:55p,87.9,20,41.8,6,828.9
9/7/20,4:00p,88,18,39.2,7,829
9/7/20,4:05p,88,18,39.2,7,829
9/7/20,4:10p,88.1,17,37.8,7,829
9/7/20,4:15p,88,18,39.2,8,829
9/7/20,4:20p,87.8,16,36,9,829
9/7/20,4:25p,87.8,14,32.7,8,829
9/7/20,4:30p,88,13,31,9,829
9/7/20,4:35p,87.9,13,30.9,10,829.1
9/7/20,4:40p,87,23,44.7,17,829.9
9/7/20,4:45p,81.8,27,44.5,17,830.3
9/7/20,4:50p,78.9,28,43,11,830.5
9/7/20,4:55p,78,27,41.3,12,830.7
9/7/20,5:00p,77.4,29,42.6,11,830.9
9/7/20,5:05p,76.9,27,40.4,13,831.1
9/7/20,5:10p,76.5,28,41,9,831.2
9/7/20,5:15p,76.2,28,40.7,9,831.3
9/7/20,5:20p,75.9,29,41.3,10,831.3
9/7/20,5:25p,75.6,31,42.8,8,831.3
9/7/20,5:30p,75.5,30,41.9,10,831.4
9/7/20,5:35p,75.3,29,40.8,9,831.5
9/7/20,5:40p,75.2,30,41.6,7,831.8
9/7/20,5:45p,75.4,30,41.8,2,832.1
9/7/20,5:50p,75.6,31,42.8,4,832.1
9/7/20,5:55p,75.5,31,42.7,6,832.1
9/7/20,6:00p,75.2,31,42.5,6,832
9/7/20,6:05p,74.9,30,41.4,7,832.1
9/7/20,6:10p,74.6,32,42.8,9,832.3
9/7/20,6:15p,74.3,32,42.5,8,832.4
9/7/20,6:20p,74,32,42.3,7,832.4
9/7/20,6:25p,73.7,32,42,7,832.5
9/7/20,6:30p,73.4,32,41.7,7,832.5
9/7/20,6:35p,73.2,33,42.4,5,832.6
9/7/20,6:40p,72.9,32,41.3,6,832.6
9/7/20,6:45p,72.8,32,41.2,6,832.8
9/7/20,6:50p,72.7,32,41.1,4,832.8
9/7/20,6:55p,72.5,32,41,5,832.9
9/7/20,7:00p,72.2,32,40.7,6,833
9/7/20,7:05p,71.9,32,40.4,5,833.2
9/7/20,7:10p,71.5,33,40.9,6,833.3
9/7/20,7:15p,71.2,34,41.4,5,833.5
9/7/20,7:20p,71,37,43.4,14,833.9
9/7/20,7:25p,70.4,41,45.6,16,834.1
9/7/20,7:30p,69.3,43,45.8,11,834.4
9/7/20,7:35p,68.2,45,46,15,834.7
9/7/20,7:40p,67.4,46,45.9,11,834.8
9/7/20,7:45p,66.9,47,46,14,835
9/7/20,7:50p,66.5,48,46.2,14,835.3
9/7/20,7:55p,66.3,49,46.6,13,835.4
9/7/20,8:00p,66.1,49,46.4,12,835.7
9/7/20,8:05p,65.6,48,45.4,14,835.9
9/7/20,8:10p,64.9,49,45.3,13,836
9/7/20,8:15p,64.4,50,45.3,13,836.3
9/7/20,8:20p,63.9,50,44.9,14,836.4
9/7/20,8:25p,63.5,50,44.5,12,836.5
9/7/20,8:30p,63,51,44.6,13,836.8
9/7/20,8:35p,62.4,52,44.5,14,836.9
9/7/20,8:40p,62,51,43.7,12,837.1
9/7/20,8:45p,61.7,52,43.9,12,837.1
9/7/20,8:50p,61.4,53,44.1,11,837.1
9/7/20,8:55p,61.2,52,43.4,15,837.4
9/7/20,9:00p,60.6,53,43.4,13,837.3
9/7/20,9:05p,60.2,54,43.5,10,837.4
9/7/20,9:10p,60,54,43.3,10,837.6
9/7/20,9:15p,59.6,54,42.9,15,837.7
9/7/20,9:20p,59,55,42.8,10,837.7
9/7/20,9:25p,58.7,55,42.6,12,837.9
9/7/20,9:30p,58.4,55,42.3,9,837.9
9/7/20,9:35p,58.2,56,42.6,11,838
9/7/20,9:40p,57.8,57,42.7,11,838
9/7/20,9:45p,57.5,57,42.4,10,838
9/7/20,9:50p,57.2,57,42.1,8,838.1
9/7/20,9:55p,57,57,41.9,9,838.1
9/7/20,10:00p,56.6,57,41.5,13,838.1
9/7/20,10:05p,56,58,41.4,15,838.2
9/7/20,10:10p,55.3,59,41.2,13,838.3
9/7/20,10:15p,54.9,60,41.3,11,838.5
9/7/20,10:20p,54.8,61,41.6,10,838.7
9/7/20,10:25p,54.3,61,41.1,13,838.8
9/7/20,10:30p,53.7,63,41.4,13,839
9/7/20,10:35p,53.3,63,41,13,839.1
9/7/20,10:40p,52.9,66,41.8,10,839.3
9/7/20,10:45p,52.4,70,42.9,10,839.4
9/7/20,10:50p,51.6,72,42.9,14,839.6
9/7/20,10:55p,50.6,75,43,12,839.7
9/7/20,11:00p,49.8,78,43.2,10,839.9
9/7/20,11:05p,49.1,80,43.2,11,839.9
9/7/20,11:10p,48.5,83,43.6,9,839.9
9/7/20,11:15p,48,85,43.7,8,840.1
9/7/20,11:20p,47.7,86,43.7,8,840.1
9/7/20,11:25p,47.3,87,43.6,7,840
9/7/20,11:30p,46.9,87,43.2,9,840.1
9/7/20,11:35p,46.6,88,43.2,10,840.1
9/7/20,11:40p,46.2,89,43.1,7,840.1
9/7/20,11:45p,46.1,90,43.3,6,840.2
9/7/20,11:50p,46.1,90,43.3,6,840.3
9/7/20,11:55p,45.9,90,43.1,8,840.4
9/8/20,12:00a,45.6,90,42.8,8,840.5
9/8/20,12:05a,45.3,90,42.5,10,840.5
9/8/20,12:10a,45,90,42.2,10,840.6
9/8/20,12:15a,44.4,90,41.7,11,840.6
9/8/20,12:20a,43.9,90,41.2,11,840.6
9/8/20,12:25a,43.6,90,40.9,11,840.8
9/8/20,12:30a,43.3,90,40.6,12,840.7
9/8/20,12:35a,43.1,91,40.7,9,840.9
9/8/20,12:40a,42.8,91,40.4,11,840.9
9/8/20,12:45a,42.5,91,40.1,9,841.1
9/8/20,12:50a,42.5,92,40.3,8,841.1
9/8/20,12:55a,42.5,92,40.3,9,841.3
9/8/20,1:00a,42.1,91,39.7,12,841.5
9/8/20,1:05a,41.9,92,39.7,9,841.5
9/8/20,1:10a,41.9,92,39.7,10,841.6
9/8/20,1:15a,41.6,92,39.4,9,841.7
9/8/20,1:20a,41.5,92,39.3,10,841.7
9/8/20,1:25a,41.4,92,39.3,10,841.9
9/8/20,1:30a,41.2,92,39.1,8,841.9
9/8/20,1:35a,41.1,92,39,10,841.9
9/8/20,1:40a,41,92,38.9,9,841.8
9/8/20,1:45a,40.9,92,38.8,10,841.8
9/8/20,1:50a,40.8,92,38.7,8,842
9/8/20,1:55a,40.7,92,38.6,9,841.8
9/8/20,2:00a,40.6,92,38.5,7,841.9
9/8/20,2:05a,40.6,92,38.5,10,842
9/8/20,2:10a,40.4,92,38.3,10,842
9/8/20,2:15a,40.1,92,38,14,841.9
9/8/20,2:20a,40,92,37.9,9,842
9/8/20,2:25a,40,92,37.9,7,842
9/8/20,2:30a,40,92,37.9,6,842.1
9/8/20,2:35a,39.9,93,38,6,842
9/8/20,2:40a,40,93,38.1,5,842
9/8/20,2:45a,40,93,38.1,7,842.1
9/8/20,2:50a,39.7,92,37.6,13,842.2
9/8/20,2:55a,38.8,92,36.7,10,842.3
9/8/20,3:00a,38.5,92,36.4,11,842.4
9/8/20,3:05a,38.1,92,36,12,842.4
9/8/20,3:10a,37.9,92,35.8,12,842.6
9/8/20,3:15a,37.7,93,35.9,9,842.6
9/8/20,3:20a,37.8,93,36,11,842.7
9/8/20,3:25a,37.7,93,35.9,10,842.6
9/8/20,3:30a,37.7,93,35.9,10,842.7
9/8/20,3:35a,37.5,93,35.7,13,842.7
9/8/20,3:40a,37.3,93,35.5,10,842.7
9/8/20,3:45a,37.3,93,35.5,9,843
9/8/20,3:50a,37.3,93,35.5,9,842.8
9/8/20,3:55a,37.3,93,35.5,9,842.9
9/8/20,4:00a,37.2,93,35.4,9,843.1
9/8/20,4:05a,37.1,93,35.3,8,843
9/8/20,4:10a,36.9,93,35.1,7,843.1
9/8/20,4:15a,36.7,93,34.9,7,843.1
9/8/20,4:20a,36.7,93,34.9,10,843.4
9/8/20,4:25a,36.3,93,34.5,10,843.1
9/8/20,4:30a,36.1,93,34.3,8,843.2
9/8/20,4:35a,35.9,93,34.1,9,843.3
9/8/20,4:40a,35.6,93,33.8,7,843.2
9/8/20,4:45a,35.5,93,33.7,6,843.5
9/8/20,4:50a,35.5,93,33.7,6,843.5
9/8/20,4:55a,35.5,93,33.7,7,843.6
9/8/20,5:00a,35.3,93,33.5,6,843.6
9/8/20,5:05a,35.2,93,33.4,8,843.5
9/8/20,5:10a,35,93,33.2,5,843.7
9/8/20,5:15a,35,93,33.2,5,843.7
9/8/20,5:20a,35,93,33.2,6,843.7
9/8/20,5:25a,35,93,33.2,4,843.6
9/8/20,5:30a,35.1,93,33.3,5,843.6
9/8/20,5:35a,35.1,93,33.3,3,843.7
9/8/20,5:40a,35.1,93,33.3,4,844
9/8/20,5:45a,35,93,33.2,6,843.7
9/8/20,5:50a,35,93,33.2,7,843.9
9/8/20,5:55a,34.9,94,33.3,6,843.9
9/8/20,6:00a,34.8,94,33.2,6,843.9
9/8/20,6:05a,34.8,94,33.2,6,843.9
9/8/20,6:10a,34.7,94,33.2,6,844.1
9/8/20,6:15a,34.6,93,32.8,6,844.1
9/8/20,6:20a,34.6,94,33.1,4,844.1
9/8/20,6:25a,34.7,94,33.2,4,844.3
9/8/20,6:30a,34.8,94,33.2,5,844.2
9/8/20,6:35a,34.7,94,33.2,4,844.2
9/8/20,6:40a,34.8,94,33.2,4,844.4
9/8/20,6:45a,34.7,94,33.2,6,844.4
9/8/20,6:50a,34.6,94,33.1,6,844.5
9/8/20,6:55a,34.4,94,32.9,4,844.6
9/8/20,7:00a,34.4,94,32.9,5,844.8
9/8/20,7:05a,34.4,94,32.9,5,844.8
9/8/20,7:10a,34.4,94,32.9,5,844.9
9/8/20,7:15a,34.4,94,32.9,5,845
9/8/20,7:20a,34.3,94,32.8,5,845.1
9/8/20,7:25a,34.3,94,32.8,4,845.2
9/8/20,7:30a,34.3,94,32.8,4,845.2
9/8/20,7:35a,34.4,94,32.9,3,845.3
9/8/20,7:40a,34.6,94,33.1,8,845.5
9/8/20,7:45a,34.6,94,33.1,7,845.5
9/8/20,7:50a,34.6,94,33.1,6,845.5
9/8/20,7:55a,34.4,94,32.9,7,845.7
9/8/20,8:00a,34.3,94,32.8,5,845.6
9/8/20,8:05a,34.3,94,32.8,6,845.5
9/8/20,8:10a,34.2,94,32.7,6,845.6
9/8/20,8:15a,34,94,32.5,5,845.8
9/8/20,8:20a,34,94,32.5,5,845.8
9/8/20,8:25a,34,94,32.5,4,846.1
9/8/20,8:30a,34,94,32.5,5,846.1
9/8/20,8:35a,34.1,94,32.6,5,846.1
9/8/20,8:40a,34.1,94,32.6,5,846.3
9/8/20,8:45a,34.1,94,32.6,5,846.3
9/8/20,8:50a,34,94,32.5,4,846.3
9/8/20,8:55a,34,94,32.5,4,846.4
9/8/20,9:00a,33.9,94,32.4,4,846.4
9/8/20,9:05a,33.9,94,32.4,7,846.4
9/8/20,9:10a,33.8,94,32.3,7,846.6
9/8/20,9:15a,33.8,94,32.3,5,846.7
9/8/20,9:20a,33.9,94,32.4,7,846.7
9/8/20,9:25a,34,94,32.5,7,846.8
9/8/20,9:30a,34.1,94,32.6,8,846.8
9/8/20,9:35a,34.1,95,32.8,6,846.9
9/8/20,9:40a,34.1,94,32.6,8,847.1
9/8/20,9:45a,34.1,94,32.6,8,847.2
9/8/20,9:50a,34.1,95,32.8,10,847.2
9/8/20,9:55a,34.2,94,32.7,10,847.2
9/8/20,10:00a,34.3,94,32.8,9,847.3
9/8/20,10:05a,34.5,94,33,9,847.3
9/8/20,10:10a,34.4,94,32.9,11,847.3
9/8/20,10:15a,34.5,94,33,8,847.3
9/8/20,10:20a,34.6,94,33.1,10,847.3
9/8/20,10:25a,34.5,94,33,9,847.3
9/8/20,10:30a,34.6,94,33.1,8,847.3
9/8/20,10:35a,34.3,94,32.8,10,847.5
9/8/20,10:40a,34.1,94,32.6,9,847.5
9/8/20,10:45a,34.1,94,32.6,8,847.4
9/8/20,10:50a,34.3,94,32.8,10,847.5
9/8/20,10:55a,34.2,94,32.7,10,847.5
9/8/20,11:00a,34,94,32.5,11,847.4
9/8/20,11:05a,33.8,94,32.3,10,847.5
9/8/20,11:10a,33.8,94,32.3,9,847.4
9/8/20,11:15a,33.9,94,32.4,9,847.5
9/8/20,11:20a,33.9,94,32.4,8,847.5
9/8/20,11:25a,33.9,94,32.4,10,847.8
9/8/20,11:30a,33.7,94,32.2,7,847.7
9/8/20,11:35a,33.8,94,32.3,9,847.6
9/8/20,11:40a,33.9,94,32.4,9,847.5
9/8/20,11:45a,34,94,32.5,10,847.6
9/8/20,11:50a,33.9,94,32.4,9,847.5
9/8/20,11:55a,33.7,94,32.2,8,847.4
9/8/20,12:00p,33.6,94,32.1,7,847.6
9/8/20,12:05p,33.7,94,32.2,7,847.6
9/8/20,12:10p,33.8,94,32.3,10,847.6
9/8/20,12:15p,33.9,94,32.4,8,847.6
9/8/20,12:20p,34.2,94,32.7,6,847.4
9/8/20,12:25p,34.4,94,32.9,6,847.4
9/8/20,12:30p,33.9,93,32.1,7,847.3
9/8/20,12:35p,33.7,94,32.2,7,847.4
9/8/20,12:40p,34,94,32.5,8,847.3
9/8/20,12:45p,34.3,94,32.8,7,847.3
9/8/20,12:50p,34.2,94,32.7,4,847.1
9/8/20,12:55p,34.4,94,32.9,9,847.1
9/8/20,1:00p,34.4,94,32.9,8,847.1
9/8/20,1:05p,34.6,94,33.1,8,847
9/8/20,1:10p,34.6,94,33.1,9,846.9
9/8/20,1:15p,34.5,93,32.7,8,846.8
9/8/20,1:20p,34.3,93,32.5,6,846.8
9/8/20,1:25p,34.2,94,32.7,7,846.7
9/8/20,1:30p,34.3,94,32.8,6,846.8
9/8/20,1:35p,34,93,32.2,7,846.8
9/8/20,1:40p,33.6,93,31.8,5,846.9
9/8/20,1:45p,33.7,94,32.2,4,846.8
9/8/20,1:50p,34,94,32.5,7,847
9/8/20,1:55p,34,94,32.5,7,846.8
9/8/20,2:00p,34,94,32.5,5,846.9
9/8/20,2:05p,34.3,94,32.8,4,846.8
9/8/20,2:10p,34.5,94,33,8,846.7
9/8/20,2:15p,34.2,94,32.7,7,846.6
9/8/20,2:20p,34.1,94,32.6,5,846.4
9/8/20,2:25p,34.3,94,32.8,6,846.5
9/8/20,2:30p,34.5,94,33,8,846.8
9/8/20,2:35p,34,93,32.2,8,846.6
9/8/20,2:40p,33.6,94,32.1,6,846.5
9/8/20,2:45p,33.8,94,32.3,5,846.3
9/8/20,2:50p,34.1,94,32.6,6,846.7
9/8/20,2:55p,34.1,94,32.6,8,846.4
9/8/20,3:00p,33.5,94,32,6,845.9
9/8/20,3:05p,33.6,94,32.1,5,846.4
9/8/20,3:10p,33.9,94,32.4,3,846.6
9/8/20,3:15p,34.4,95,33.1,5,846.1
9/8/20,3:20p,34.5,94,33,7,846
9/8/20,3:25p,34.5,94,33,9,845.7
9/8/20,3:30p,34.1,93,32.3,7,846.4
9/8/20,3:35p,34,94,32.5,6,846.2
9/8/20,3:40p,34.1,94,32.6,6,846.1
9/8/20,3:45p,34.3,94,32.8,6,845.7
9/8/20,3:50p,34.1,93,32.3,6,846.2
9/8/20,3:55p,33.8,93,32,3,846.1
9/8/20,4:00p,33.6,94,32.1,6,846
9/8/20,4:05p,33.6,94,32.1,5,846.1
9/8/20,4:10p,33.7,94,32.2,4,846.4
9/8/20,4:15p,33.8,94,32.3,5,846.1
9/8/20,4:20p,33.5,93,31.7,8,846.2
9/8/20,4:25p,33.4,94,31.9,6,845.8
9/8/20,4:30p,33.3,94,31.8,6,845.8
9/8/20,4:35p,33.3,94,31.8,4,846.2
9/8/20,4:40p,33.3,94,31.8,3,845.8
9/8/20,4:45p,33.4,94,31.9,5,845.8
9/8/20,4:50p,33.4,94,31.9,1,846.4
9/8/20,4:55p,33.4,94,31.9,3,846.7
9/8/20,5:00p,33.3,94,31.8,4,846.5
9/8/20,5:05p,33,94,31.5,6,845.9
9/8/20,5:10p,32.8,94,31.3,3,846.1
9/8/20,5:15p,32.7,94,31.2,3,846.1
9/8/20,5:20p,32.6,94,31.1,2,846.4
9/8/20,5:25p,32.6,94,31.1,3,846.3
9/8/20,5:30p,32.6,94,31.1,2,846.2
9/8/20,5:35p,32.5,94,31,4,846.3
9/8/20,5:40p,32.5,94,31,5,846.4
9/8/20,5:45p,32.5,94,31,4,846.3
9/8/20,5:50p,32.4,94,30.9,3,846.3
9/8/20,5:55p,32.3,94,30.8,3,846.2
9/8/20,6:00p,32.3,94,30.8,5,846.4
9/8/20,6:05p,32.2,94,30.7,3,846.6
9/8/20,6:10p,32.2,94,30.7,0,846.6
9/8/20,6:15p,32.2,94,30.7,3,846.5
9/8/20,6:20p,32.2,94,30.7,1,846.4
9/8/20,6:25p,32.2,94,30.7,0,846.3
9/8/20,6:30p,32.2,94,30.7,0,846.2
9/8/20,6:35p,32.2,95,30.9,0,846.2
9/8/20,6:40p,32.2,95,30.9,0,846.1
9/8/20,6:45p,32.2,95,30.9,0,846
9/8/20,6:50p,32.3,95,31,0,846.1
9/8/20,6:55p,32.3,95,31,0,846.3
9/8/20,7:00p,32.3,95,31,0,846.6
9/8/20,7:05p,32.3,95,31,0,846.6
9/8/20,7:10p,32.3,95,31,0,846.6
9/8/20,7:15p,32.3,95,31,0,846.5
9/8/20,7:20p,32.2,95,30.9,0,846.4
9/8/20,7:25p,32.2,95,30.9,0,846.6
9/8/20,7:30p,32.2,95,30.9,0,846.7
9/8/20,7:35p,32.1,95,30.8,0,846.9
9/8/20,7:40p,32.1,95,30.8,0,846.8
9/8/20,7:45p,32.1,95,30.8,0,846.8
9/8/20,7:50p,32,95,30.7,0,846.9
9/8/20,7:55p,32,95,30.7,0,846.9
9/8/20,8:00p,32,95,30.7,0,847.1
9/8/20,8:05p,32,95,30.7,0,847.2
9/8/20,8:10p,31.9,95,30.6,0,847.2
9/8/20,8:15p,31.9,95,30.6,0,847.4
9/8/20,8:20p,31.9,95,30.6,0,847.4
9/8/20,8:25p,31.9,95,30.6,0,847.6
9/8/20,8:30p,31.9,95,30.6,0,847.6
9/8/20,8:35p,31.9,95,30.6,0,847.5
9/8/20,8:40p,32,95,30.7,0,847.5
9/8/20,8:45p,32,95,30.7,0,847.5
9/8/20,8:50p,32,95,30.7,0,847.5
9/8/20,8:55p,32,95,30.7,0,847.7
9/8/20,9:00p,32,95,30.7,0,847.6
9/8/20,9:05p,31.9,95,30.6,0,847.8
9/8/20,9:10p,31.9,95,30.6,0,847.8
9/8/20,9:15p,31.8,95,30.5,0,847.5
9/8/20,9:20p,31.8,95,30.5,0,847.5
9/8/20,9:25p,31.8,95,30.5,0,847.3
9/8/20,9:30p,31.8,95,30.5,0,847.1
9/8/20,9:35p,31.9,95,30.6,0,846.9
9/8/20,9:40p,32,95,30.7,0,847
9/8/20,9:45p,32,95,30.7,0,847
9/8/20,9:50p,31.9,95,30.6,0,847.1
9/8/20,9:55p,31.9,95,30.6,0,847.3
9/8/20,10:00p,32,95,30.7,0,847.3
9/8/20,10:05p,32,95,30.7,0,847
9/8/20,10:10p,31.9,95,30.6,0,847.1
9/8/20,10:15p,31.9,95,30.6,0,847.3
9/8/20,10:20p,31.9,95,30.6,0,847.2
9/8/20,10:25p,31.8,95,30.5,0,847.2
9/8/20,10:30p,31.8,95,30.5,0,847.6
9/8/20,10:35p,31.7,95,30.4,0,847.6
9/8/20,10:40p,31.7,95,30.4,0,847.6
9/8/20,10:45p,31.7,95,30.4,0,847.5
9/8/20,10:50p,31.7,95,30.4,0,847.5
9/8/20,10:55p,31.7,95,30.4,0,846.9
9/8/20,11:00p,31.8,95,30.5,0,847.1
9/8/20,11:05p,31.8,95,30.5,0,847.1
9/8/20,11:10p,31.9,95,30.6,0,847
9/8/20,11:15p,31.8,95,30.5,0,847.1
9/8/20,11:20p,31.8,95,30.5,0,846.9
9/8/20,11:25p,31.8,95,30.5,0,846.9
9/8/20,11:30p,31.8,95,30.5,0,846.7
9/8/20,11:35p,31.8,95,30.5,0,846.7
9/8/20,11:40p,31.9,95,30.6,0,846.5
9/8/20,11:45p,31.9,95,30.6,0,846.7
9/8/20,11:50p,31.9,95,30.6,0,846.5
9/8/20,11:55p,32,95,30.7,0,847